title,content,attachment,creation_date,last_change_date,user_id
Anna and the King of Siam,posuere cubilia curae duis faucibus accumsan odio curabitur convallis duis,NULL,1729559493000,1732051393000,18
Two Little Boys,sem duis aliquam convallis nunc proin at turpis a pede posuere nonummy integer non velit donec diam neque vestibulum eget,NULL,1702888261000,1732051393000,27
Crackerjack,donec odio justo sollicitudin ut suscipit a feugiat et eros vestibulum ac est lacinia nisi venenatis tristique fusce congue diam,NULL,1717676146000,1732051393000,3
Special,erat curabitur gravida nisi at nibh in hac habitasse platea dictumst aliquam augue,NULL,1721939881000,1732051393000,6
Mother Joan of the Angels (Matka Joanna od aniolów),ipsum primis in faucibus orci luctus et ultrices posuere cubilia curae nulla dapibus dolor vel est donec odio justo,NULL,1715651429000,1732051393000,26
Letter to Momo, A (Momo e no tegami)adipiscing lorem vitae mattis nibh ligula nec sem duis aliquam convallis nunc proin at,NULL,1730299302000,1732051393000,1
No. 1 Ladies' Detective Agency, The nulla sed accumsan felis ut at dolor quis odio consequat varius integer ac leo pellentesque ultrices mattis odio donec vitae,NULL,1720764450000,1732051393000,6
Machine, The eleifend donec ut dolor morbi vel lectus in quam fringilla rhoncus mauris,NULL,1730798273000,1732051393000,19
Asylum,tellus nisi eu orci mauris lacinia sapien quis libero nullam sit amet turpis elementum ligula vehicula consequat,NULL,1727537172000,1732051393000,19
Bugs Bunny's 3rd Movie: 1001 Rabbit Tales,hac habitasse platea dictumst morbi vestibulum velit id pretium iaculis diam erat fermentum justo nec condimentum neque sapien placerat,NULL,1723347271000,1732051393000,17
Sicilian Clan, The (Clan des Siciliens Le) morbi sem mauris laoreet ut rhoncus aliquet pulvinar sed nisl nunc rhoncus dui vel sem sed sagittis nam congue,NULL,1724974085000,1732051393000,20
Mighty Joe Young,ac consequat metus sapien ut nunc vestibulum ante ipsum primis,NULL,1702913362000,1732051393000,26
Vivere,pede posuere nonummy integer non velit donec diam neque vestibulum eget vulputate ut ultrices vel augue vestibulum ante ipsum primis,NULL,1712712584000,1732051393000,15
Chalk Garden, The aliquet maecenas leo odio condimentum id luctus nec molestie sed justo pellentesque viverra pede ac diam cras pellentesque volutpat,NULL,1706971009000,1732051393000,29
Island, The egestas metus aenean fermentum donec ut mauris eget massa tempor convallis,NULL,1713202375000,1732051393000,22
Land of Milk and Honey (Pays de cocagne),adipiscing lorem vitae mattis nibh ligula nec sem duis aliquam convallis nunc proin at turpis,NULL,1725439590000,1732051393000,23
White Dwarf, The (Valkoinen kääpiö) orci vehicula condimentum curabitur in libero ut massa volutpat convallis morbi odio odio elementum eu,NULL,1705258723000,1732051393000,29
Direct Action,integer pede justo lacinia eget tincidunt eget tempus vel pede morbi porttitor lorem id ligula suspendisse ornare consequat lectus in,NULL,1706153136000,1732051393000,2
Phoenix,aliquam augue quam sollicitudin vitae consectetuer eget rutrum at lorem integer tincidunt ante vel ipsum praesent blandit lacinia erat,NULL,1702433653000,1732051393000,14
Lunch Break,nulla quisque arcu libero rutrum ac lobortis vel dapibus at diam nam tristique tortor,NULL,1729665643000,1732051393000,19
Cabinet of Dr. Caligari, Das interdum venenatis turpis enim blandit mi in porttitor pede justo eu massa donec dapibus duis at velit,NULL,1720760698000,1732051393000,30
Gay Purr-ee,vestibulum ante ipsum primis in faucibus orci luctus et ultrices posuere cubilia curae duis faucibus accumsan odio curabitur,NULL,1729721948000,1732051393000,2
Crime Lords of Tokyo,nam ultrices libero non mattis pulvinar nulla pede ullamcorper augue a suscipit nulla elit ac nulla sed,NULL,1730371887000,1732051393000,10
Life of Emile Zola, The maecenas tincidunt lacus at velit vivamus vel nulla eget eros,NULL,1713049223000,1732051393000,22
Hellraiser: Bloodline,odio porttitor id consequat in consequat ut nulla sed accumsan felis ut at dolor,NULL,1701611270000,1732051393000,25
Vinci,in faucibus orci luctus et ultrices posuere cubilia curae donec pharetra magna vestibulum aliquet ultrices erat,NULL,1713096932000,1732051393000,16
Rose and Lucia (Lucía y el Roseo),ut ultrices vel augue vestibulum ante ipsum primis in faucibus orci luctus et ultrices posuere cubilia curae donec pharetra magna,NULL,1722954194000,1732051393000,25
Revanche,justo nec condimentum neque sapien placerat ante nulla justo aliquam quis turpis eget,NULL,1707796952000,1732051393000,3
Small Soldiers,eu interdum eu tincidunt in leo maecenas pulvinar lobortis est phasellus sit amet,NULL,1707094665000,1732051393000,12
Guitar, The tempus semper est quam pharetra magna ac consequat metus sapien ut nunc vestibulum,NULL,1710930611000,1732051393000,22
